<?xml version="1.0" encoding="UTF-8" ?>
<!DOCTYPE mapper
	PUBLIC "-//mybatis.org//DTD Mapper 3.0//EN"
	"http://mybatis.org/dtd/mybatis-3-mapper.dtd">

<mapper namespace="mapper.member">
<!-- 리절트 맵 정의 -->	
	<resultMap id="memberResult" type="memberVO">
		<result property="member_id" column="member_id" />
		<result property="member_pw" column="member_pw" />
		<result property="member_name" column="member_name" />
		<result property="member_gender" column="member_gender" />
		
		<result property="member_birth_y" column="member_birth_y" />
		<result property="member_birth_m" column="member_birth_m" />
		<result property="member_birth_d" column="member_birth_d" />
		
		<result property="hp1" column="hp1" />
		<result property="hp2" column="hp2" />
		<result property="hp3" column="hp3" />
		
		<result property="smssts_yn" column="smssts_yn" />
		<result property="email1" column="email1" />
		<result property="email2" column="email2" />
		<result property="emailsts_yn" column="emailsts_yn" />
		
		<result property="zipcode" column="zipcode" />
		<result property="roadAddress" column="roadAddress" />
		<result property="jibunAddress" column="jibunAddress" />
		<result property="namujiAddress" column="namujiAddress" />
		<result property="joinDate" column="joinDate" />
	</resultMap>	

	<select id="login" resultType="memberVO"  parameterType="java.util.Map"  >
	    <![CDATA[
			select * from t_shopping_member 
			 where member_id=#{member_id}
			 and member_pw=#{member_pw}			
			 
		]]>
	</select>
	
	<select id="selectOverlappedID" parameterType="String" resultType="String">
	   select decode(count(*),1, 'true', 0, 'false')
	   from t_shopping_member
	   where member_id = #{id}
	</select>
	
  <insert id="insertNewMember"  parameterType="memberVO">
  <![CDATA[
    	insert into t_shopping_member(member_id,
				 					 member_pw,
                                     member_name,
                                     member_gender,
                                     member_birth_y,
                                     member_birth_m,
                                     member_birth_d,
                                     hp1,
                                     hp2,
                                     hp3,
                                     smssts_yn,
                                     email1,
                                     email2,
                                     emailsts_yn,
                                     zipcode,
                                     roadAddress,
                                     jibunAddress,
                                     namujiAddress)
							 values(#{member_id},
									#{member_pw},
									#{member_name},
                                 	#{member_gender},
                                   	#{member_birth_y},
                                   	#{member_birth_m},
                                    #{member_birth_d},
                                    #{hp1},
                                    #{hp2},
                                    #{hp3},
                                    #{smssts_yn},
                                    #{email1},
                                    #{email2},
                                    #{emailsts_yn},
                                    #{zipcode},
                                    #{roadAddress},
                                    #{jibunAddress},
                                    #{namujiAddress})
                                  
                                      
   ]]>      
  </insert>
</mapper>