<?xml version="1.0" encoding="UTF-8" ?>
<!DOCTYPE tiles-definitions PUBLIC
       "-//Apache Software Foundation//DTD Tiles Configuration 2.0//EN"
       "http://tiles.apache.org/dtds/tiles-config_2_0.dtd">
<tiles-definitions>
	  <definition name="/goods/goodsDetail" extends="baseLayout">
         <put-attribute name="title" value="" />
         <put-attribute name="body" value="/WEB-INF/views/goods/goodsDetail.jsp" />
      </definition>  
      
      <definition name="/goods/searchGoods" extends="baseLayout">
         <put-attribute name="title" value="상품 검색 결과 페이지" />
         <put-attribute name="body" value="/WEB-INF/views/goods/searchGoods.jsp" />
      </definition>
  	
  	
	 <definition name="/goods/shopMain" extends="baseLayout">
         <put-attribute name="title" value="" />
         <put-attribute name="body" value="/WEB-INF/views/goods/shopMain.jsp" />
     </definition>
     
     <definition name="/goods/bestMain" extends="baseLayout">
         <put-attribute name="title" value="" />
         <put-attribute name="body" value="/WEB-INF/views/goods/bestMain.jsp" />
     </definition>  
</tiles-definitions>


